{"name":"TopbarPlus","className":"DataModel","filePaths":["default.project.json"],"children":[{"name":"ReplicatedStorage","className":"ReplicatedStorage","children":[{"name":"Icon","className":"ModuleScript","filePaths":["src/Icon\\init.lua"],"children":[{"name":"IconController","className":"ModuleScript","filePaths":["src/Icon\\IconController.lua"]},{"name":"Maid","className":"ModuleScript","filePaths":["src/Icon\\Maid.lua"]},{"name":"Signal","className":"ModuleScript","filePaths":["src/Icon\\Signal.lua"]},{"name":"Themes","className":"ModuleScript","filePaths":["src/Icon\\Themes\\init.lua"],"children":[{"name":"BlueGradient","className":"ModuleScript","filePaths":["src/Icon\\Themes\\BlueGradient.lua"]},{"name":"Default","className":"ModuleScript","filePaths":["src/Icon\\Themes\\Default.lua"]}]},{"name":"TopbarPlusGui","className":"ModuleScript","filePaths":["src/Icon\\TopbarPlusGui.lua"]},{"name":"TopbarPlusReference","className":"ModuleScript","filePaths":["src/Icon\\TopbarPlusReference.lua"]},{"name":"VERSION","className":"ModuleScript","filePaths":["src/Icon\\VERSION.lua"]}]}]}]}